nama_tempat,type_place,alamat,jam_operasional,rating,jumlah_review,telepon,stt_tlp,website,latitude,longitude,Ketersediaan Akses,aksesibilitas
Masjid An-Nur,Masjid,"Jl. Kapten Halim No.83, RT.11/RW.8, Nagri Kidul, Kec. Purwakarta, Kabupaten Purwakarta, Jawa Barat 41111",,"4,8",5,,Tidak Ada ,Tidak Tersedia,-6.5629933,107.4489468,Aksesibilitas Tersedia,[]
Masjid Jami As-Syuhada Purwakarta,Masjid,"Jl. Ipik Gandamanah Gg. Masjid No.3 RT 003/006, Ciseureuh, Kec. Purwakarta, Kabupaten Purwakarta, Jawa Barat 41118",Buka 24 jam,"5,0",1,,Tidak Ada ,Tidak Tersedia,-6.5203423,107.4639544,Aksesibilitas Tersedia,[]
MASJID JAMIE ASYSYIFA POLRES PURWAKARTA,Masjid,"FCFX+M5C, Jl. Veteran, Ciseureuh, Kec. Purwakarta, Kabupaten Purwakarta, Jawa Barat 41118",,"4,9",17,,Tidak Ada ,Tidak Tersedia,-6.5258177,107.4478846,Aksesibilitas Tersedia,[]
Masjid Jamie Al Muhibbah Ciseureuh,Masjid,"Jl. Ipik Gandamanah No.17, Ciseureuh, Kec. Purwakarta, Kabupaten Purwakarta, Jawa Barat 41117",Buka 24 jam,"4,7",58,,Ada,Tidak Tersedia,-6.5250296,107.4585115,Aksesibilitas Tersedia,[]
Masjid Al Ittihad Muhammadiyah,Masjid,"FCGW+VPR, Jl. Kopi, Ciseureuh, Kec. Babakancikao, Kabupaten Purwakarta, Jawa Barat 41118",,"4,5",8,,Tidak Ada ,Tidak Tersedia,-6.5227607,107.4467653,Aksesibilitas Tersedia,[]
Masjid PLN UP3 Purwakarta,Masjid,"CCWW+68C, Jl. K.K Singawinata, Nagri Tengah, Kec. Purwakarta, Kabupaten Purwakarta, Jawa Barat 41114",Buka 24 jam,"4,6",54,,Tidak Ada ,Tidak Tersedia,-6.5544484,107.4457721,Aksesibilitas Tersedia,[]
Masjid Jami Al Muin,Masjid,"FC9P+QGC, Jl. Taman Pahlawan, Purwamekar, Kec. Purwakarta, Kabupaten Purwakarta, Jawa Barat 41119",,"4,8",26,,Tidak Ada ,Tidak Tersedia,-6.530557,107.436262,Aksesibilitas Tersedia,[]
Karang Layung Masjid Jami Al falah,Masjid,"Karang layung, Kec. Purwakarta, Kabupaten Purwakarta, Jawa Barat 41114",,"4,7",21,,Tidak Ada ,Tidak Tersedia,-6.5498888,107.4481113,Aksesibilitas Tersedia,[]
Masjid At Taufiq,Masjid,"FCFV+Q63, Kp.Mekarsari, Ciwareng, Kec. Babakancikao, Kabupaten Purwakarta, Jawa Barat 41151",Buka 24 jam,"4,8",4,,Tidak Ada ,Tidak Tersedia,-6.5256125,107.4430469,Aksesibilitas Tersedia,[]
Masjid Al-Barokah,Masjid,"Gg. Wortel No.17, Sindangkasih, Kec. Purwakarta, Kabupaten Purwakarta, Jawa Barat 41112",,"4,9",7,,Tidak Ada ,Tidak Tersedia,-6.5599606,107.4416878,Aksesibilitas Tersedia,[]
Masjid Birrulwalidain Terdekat,Masjid,"Gg. Tj. II No.37-28, Nagri Tengah, Kec. Purwakarta, Kabupaten Purwakarta, Jawa Barat 41114",Buka 24 jam,"4,6",9,,Tidak Ada ,Tidak Tersedia,-6.5538821,107.4434178,Aksesibilitas Tersedia,[]
Masjid Jamie Al-Manaar Purwakarta,Masjid,"Jl. Purnawarman Barat, Sindangkasih, Kec. Purwakarta, Kabupaten Purwakarta, Jawa Barat 41112",04.00 hingga 20.00,"4,7",24,,Tidak Ada ,Tidak Tersedia,-6.5623784,107.4434349,Aksesibilitas Tersedia,[]
Mdta Al Misbah,Masjid,"Jl. Kolonel Rahmat No.21, Tegalmunjul, Kec. Purwakarta, Kabupaten Purwakarta, Jawa Barat 41116",07.00 hingga 15.30,"4,7",29,,Tidak Ada ,Tidak Tersedia,-6.5422573,107.4557422,Aksesibilitas Tersedia,[]
Masjid Jami' Al-Kautsar,Masjid,"FFG8+V3C, Ciseureuh, Kec. Purwakarta, Kabupaten Purwakarta, Jawa Barat 41118",,"4,7",10,,Tidak Ada ,Tidak Tersedia,-6.5228003,107.4651312,Aksesibilitas Tersedia,"['Tidak memiliki pintu masuk khusus pengguna kursi roda', 'Tidak memiliki tempat parkir khusus pengguna kursi roda']"
Masjid Jami Asalafiyah,Masjid,"Jl. Kp. Karang Anyar, Nagri Tengah, Kec. Purwakarta, Kabupaten Purwakarta, Jawa Barat 41114",,"5,0",1,,Tidak Ada ,Tidak Tersedia,-6.5512359,107.4465679,Aksesibilitas Tersedia,[]
Masjid Jami Al Mujahidin,Masjid,"Jl. Lodaya Kp. Baru No.60, Nagri Kidul, Kec. Purwakarta, Kabupaten Purwakarta, Jawa Barat 41111",,"4,8",18,,Tidak Ada ,Tidak Tersedia,-6.5554453,107.4498574,Aksesibilitas Tersedia,"['Tidak memiliki pintu masuk khusus pengguna kursi roda', 'Tidak memiliki tempat parkir khusus pengguna kursi roda']"
Masjid Al-Maghribie,Masjid,"FC4M+6JG, Kp.Sukarata Kelurahan, RT.20/RW.06, Cipaisan, Kec. Purwakarta, Kabupaten Purwakarta, Jawa Barat 41113",Buka 24 jam,"4,7",7,"
0859-2621-1968",Ada,Tidak Tersedia,-6.5444294,107.4340642,Aksesibilitas Tersedia,[]
Masjid Al-Hijrah,Masjid,"FFG3+PPF Cluster Koba Village, Ciseureuh, Purwakarta, Purwakarta Regency, West Java 41118",,"5,0",11,,Tidak Ada ,Tidak Tersedia,-6.5231861,107.4542995,Aksesibilitas Tersedia,[]
Masjid Besar Al-Hikmah,Masjid,"FFV7+WHF, Jl. Raya Cibening Bungursari, Ciwangi, Kec. Bungursari, Kabupaten Purwakarta, Jawa Barat 41181",,"4,6",162,,Tidak Ada ,Tidak Tersedia,-6.5051804,107.4639259,Aksesibilitas Tersedia,[]
Masjid Jami Al - Hidayah,Masjid,"Jl. Lodaya Kp. Baru No.8, Nagri Kidul, Kec. Purwakarta, Kabupaten Purwakarta, Jawa Barat 41111",,"4,9",17,,Tidak Ada ,Tidak Tersedia,-6.5541736,107.4513021,Aksesibilitas Tersedia,['Tidak memiliki tempat parkir khusus pengguna kursi roda']
Masjid Endan Andansih,Masjid,"8F2F+7H4, Neglasari, Kec. Darangdan, Kabupaten Purwakarta, Jawa Barat 41163",04.30 hingga 21.30,"4,8",561,,Tidak Ada ,Tidak Tersedia,-6.7000642,107.4737009,Aksesibilitas Tersedia,"['Memiliki pintu masuk khusus pengguna kursi roda', 'Memiliki tempat parkir khusus pengguna kursi roda', 'Ada toilet khusus pengguna kursi roda']"
Masjid Jami Al Hikmah,Masjid,"FF47+9H7, Jl. Citalang, Citalang, Kec. Purwakarta, Kabupaten Purwakarta, Jawa Barat 41111",,"4,8",24,,Tidak Ada ,Tidak Tersedia,-6.5440861,107.463912,Aksesibilitas Tersedia,[]
Masjid Baitul Auliya (LDII),Masjid,"Jl. Irigasi, Ciseureuh, Kec. Purwakarta, Kabupaten Purwakarta, Jawa Barat 41118",04.15 hingga 22.00,"4,8",122,,Ada,Tersedia,-6.5173377,107.4589008,Aksesibilitas Tersedia,['Tidak memiliki pintu masuk khusus pengguna kursi roda']
Masjid Jami Dzikrullah,Masjid,"FFF3+WP9, Ciseureuh, Kec. Purwakarta, Kabupaten Purwakarta, Jawa Barat 41117",,"4,8",5,,Tidak Ada ,Tidak Tersedia,-6.5252243,107.4543665,Aksesibilitas Tersedia,[]
Masjid Al-Munajat,Masjid,"Jl. K.K Singawinata No.rt 21/03, Nagri Kidul, Kec. Purwakarta, Kabupaten Purwakarta, Jawa Barat 41111",,"4,0",3,,Tidak Ada ,Tidak Tersedia,-6.5551741,107.4468077,Aksesibilitas Tersedia,[]
Masjid Jamie Al-Muhsin,Masjid,"FFP4+P9X, Mulyamekar, Kec. Babakancikao, Kabupaten Purwakarta, Jawa Barat 41151",,"4,6",141,,Tidak Ada ,Tidak Tersedia,-6.5131449,107.4559699,Aksesibilitas Tersedia,"['Tidak memiliki pintu masuk khusus pengguna kursi roda', 'Tidak memiliki tempat parkir khusus pengguna kursi roda']"
Masjid Jami Al-Qohhar,Masjid,"FC2Q+4QR, Nagri Tengah, Kec. Purwakarta, Kabupaten Purwakarta, Jawa Barat 41114",,"4,7",19,,Tidak Ada ,Tidak Tersedia,-6.5496349,107.4393911,Aksesibilitas Tersedia,[]
Masjid Al-Qona'at,Masjid,"Tegalmunjul, Kec. Purwakarta, Kabupaten Purwakarta, Jawa Barat",,"5,0",3,"
0815-8579-7096",Ada,Tidak Tersedia,-6.542348,107.4504218,Aksesibilitas Tersedia,[]
Masjid Jamie Roudlotul Jannah,Masjid,"FCCM+9CX, Purwamekar, Kec. Purwakarta, Kabupaten Purwakarta, Jawa Barat 41119",,"5,0",3,,Tidak Ada ,Tidak Tersedia,-6.5290004,107.4335999,Aksesibilitas Tersedia,[]
Masjid Jami' Al-Hidayah,Masjid,"FC7R+MFH, Jl. Anggrek II, RT.025/RW.003, Nagri Kaler, Kec. Purwakarta, Kabupaten Purwakarta, Jawa Barat 41119",,"4,8",31,,Tidak Ada ,Tidak Tersedia,-6.5358059,107.4412425,Aksesibilitas Tersedia,[]
Masjid Al islam,Masjid,"Jl. Jend. Ahmad Yani No.130 13, RW.4, Cipaisan, Kec. Purwakarta, Kabupaten Purwakarta, Jawa Barat 41113",,"4,6",5,,Tidak Ada ,Tidak Tersedia,-6.5497878,107.4376922,Aksesibilitas Tersedia,[]
Masjid Ar-rahman Polsek Purwakarta,Masjid,"Jl. Jend. Ahmad Yani No.65, Cipaisan, Kec. Purwakarta, Kabupaten Purwakarta, Jawa Barat 41114",,"4,4",15,,Tidak Ada ,Tidak Tersedia,-6.5571118,107.4369051,Aksesibilitas Tersedia,"['Tidak memiliki pintu masuk khusus pengguna kursi roda', 'Tidak memiliki tempat parkir khusus pengguna kursi roda']"
Masjid Ar Royyan,Masjid,"Jl. Ipik Gandamanah Blok Rawa Mekar 2 No, 30, Tegalmunjul, Purwakarta, Purwakarta Regency, West Java 41114",,"4,4",28,,Tidak Ada ,Tidak Tersedia,-6.5471801,107.4482236,Aksesibilitas Tersedia,[]
Masjid Kasyfur Rahman,Masjid,"FF83+PV9, Jl. Munjul Jaya Permai, RT.2/RW.1, Munjuljaya, Kec. Purwakarta, Kabupaten Purwakarta, Jawa Barat 41117",,"4,6",17,"
0815-7336-1619",Ada,Tersedia,-6.5332001,107.454727,Aksesibilitas Tersedia,[]
MASJID AR-ROUDLOH,Masjid,"CCPW+WX9, Nagri Kidul, Kec. Purwakarta, Kabupaten Purwakarta, Jawa Barat 41111",,"4,7",69,,Tidak Ada ,Tidak Tersedia,-6.5627135,107.447485,Aksesibilitas Tersedia,"['Tidak memiliki pintu masuk khusus pengguna kursi roda', 'Tidak memiliki tempat parkir khusus pengguna kursi roda']"
Masjid Jami Adawatul Islamiyah,Masjid,"FF88+GM7, Jl. Citalang, Citalang, Kec. Purwakarta, Kabupaten Purwakarta, Jawa Barat 41111",,"4,9",8,,Tidak Ada ,Tidak Tersedia,-6.5337011,107.4666698,Aksesibilitas Tersedia,[]
Masjid Nurul Huda,Masjid,"FF83+X4R, Jalan Perum Munjuljaya Permai, Munjuljaya, Purwakarta, Purwakarta Regency, West Java 41117",,"4,6",27,,Tidak Ada ,Tidak Tersedia,-6.5325113,107.4527542,Aksesibilitas Tersedia,[]
Masjid Al Falah,Masjid,"CCQR+WGG, Gg. Wortel, Sindangkasih, Kec. Purwakarta, Kabupaten Purwakarta, Jawa Barat",,"5,0",1,,Tidak Ada ,Tidak Tersedia,-6.5601764,107.441339,Aksesibilitas Tersedia,[]
Masjid Al-Munawaroh,Masjid,"Blok Beringin Jl. Veteran No.13, RT.48/RW.2, Nagri Kaler, Purwakarta, Purwakarta Regency, West Java 41115",,"5,0",3,,Tidak Ada ,Tidak Tersedia,-6.5355993,107.445324,Aksesibilitas Tersedia,[]
Masjid Al Hikmah Ciwareng,Masjid,"FCCQ+VRH, Ciwareng, Kec. Babakancikao, Kabupaten Purwakarta, Jawa Barat 41151",,"4,3",25,"
0896-6284-0672",Ada,Tidak Tersedia,-6.5278069,107.4396218,Aksesibilitas Tersedia,[]
Masjid Agung Baing Yusuf,Masjid,"CCVR+MCW, Cipaisan, Kec. Purwakarta, Kabupaten Purwakarta, Jawa Barat 41113",Buka 24 jam,"4,7",1.410,,Tidak Ada ,Tidak Tersedia,-6.5557641,107.4410695,Aksesibilitas Tersedia,"['Memiliki pintu masuk khusus pengguna kursi roda', 'Ada toilet khusus pengguna kursi roda']"
"Masjid Nurul Barokah, Markaz Dakwah Tabligh Khuruz Fisabilillah Purwakarta",Masjid,"Jl. Raya Sadang-Subang No.9, Ciwangi, Kec. Bungursari, Kabupaten Purwakarta, Jawa Barat 41118",,"4,2",9,,Tidak Ada ,Tidak Tersedia,-6.5049968,107.4575285,Aksesibilitas Tersedia,[]
Mesjid Jami Salafiyah Gg. Beringin,Masjid,"FC6X+F8W, Nagri Kaler, Tegalmunjul, Kec. Purwakarta, Kabupaten Purwakarta, Jawa Barat 41116",,"5,0",6,,Tidak Ada ,Tidak Tersedia,-6.5387671,107.4483165,Aksesibilitas Tersedia,[]
Masjid An-Nur RW 04 Nagri Kidul,Masjid,"Jl. Garuda No.4, Nagri Kidul, Kec. Purwakarta, Kabupaten Purwakarta, Jawa Barat 41111",,"4,9",38,,Tidak Ada ,Tidak Tersedia,-6.5586398,107.4477982,Aksesibilitas Tersedia,"['Tidak memiliki pintu masuk khusus pengguna kursi roda', 'Tidak memiliki tempat parkir khusus pengguna kursi roda']"
Masjid Jamie Al Muhajirin,Masjid,"FCCV+CV4, Nagri Kaler, Kec. Purwakarta, Kabupaten Purwakarta, Jawa Barat 41118",Buka 24 jam,"4,9",36,,Tidak Ada ,Tidak Tersedia,-6.528985,107.4447186,Aksesibilitas Tersedia,[]
Masjid Jami Al-Yahya Purwakarta,Masjid,"Jl. Purnawarman Selatan No.13, Sindangkasih, Kec. Purwakarta, Kabupaten Purwakarta, Jawa Barat 41112",,"4,7",9,"
0878-7990-4112",Ada,Tidak Tersedia,-6.5669559,107.4448786,Aksesibilitas Tersedia,[]
Masjid Uswatun Hasanah,Masjid,"Jl. Jend. Ahmad Yani Blok Sukarata No.102, RT.18/RW.6, Cipaisan, Kec. Purwakarta, Kabupaten Purwakarta, Jawa Barat 41113",,"4,5",4,,Tidak Ada ,Tidak Tersedia,-6.5467401,107.4395597,Aksesibilitas Tersedia,[]
Masjid Jami Al Ihklas,Masjid,"Jl. Pramuka No.1, Bunder, Kec. Jatiluhur, Kabupaten Purwakarta, Jawa Barat 41161",09.00 hingga 20.00,"4,7",47,,Tidak Ada ,Tidak Tersedia,-6.5617209,107.4326879,Aksesibilitas Tersedia,[]
Masjid Besar Campaka Purwakarta,Masjid,"Jl. Raya Campaka No.6, Campaka, Kec. Campaka, Kabupaten Purwakarta, Jawa Barat 41181",,"4,7",65,,Tidak Ada ,Tidak Tersedia,-6.5097112,107.4819515,Aksesibilitas Tersedia,[]
Masjid Al Jihad,Masjid,"CCQQ+9R3, Gg. Kolbis, Sindangkasih, Kec. Purwakarta, Kabupaten Purwakarta, Jawa Barat 41112",,"4,6",12,,Tidak Ada ,Tidak Tersedia,-6.5616106,107.4395487,Aksesibilitas Tersedia,[]
Masjid Al-Maghfiroh,Masjid,"FC9W+XPQ, Kebon Kolot, Jl. Veteran, Nagri Kaler, Kec. Purwakarta, Kabupaten Purwakarta, Jawa Barat 41115",,"4,7",101,,Tidak Ada ,Tidak Tersedia,-6.5300494,107.4468649,Aksesibilitas Tersedia,['Tidak memiliki tempat parkir khusus pengguna kursi roda']
Masjid Jami An Nur,Masjid,"Jl. Taman Pahlawan No.142, Maracang, Kec. Babakancikao, Kabupaten Purwakarta, Jawa Barat 41151",,"4,7",33,,Tidak Ada ,Tidak Tersedia,-6.527108,107.4349564,Aksesibilitas Tersedia,[]
Masjid Alfalah Sadang,Masjid,"No Jl. Raya Sadang - Subang No.9, Ciseureuh, Kec. Bungursari, Kabupaten Purwakarta, Jawa Barat 41118",Buka 24 jam,"4,6",282,,Tidak Ada ,Tidak Tersedia,-6.5112108,107.4630958,Aksesibilitas Tersedia,[]
Masjid At-Taqwa,Masjid,"Jl. Ipik Gandamanah Blok Krajan No.51, RT.1/RW.3, Tegalmunjul, Kec. Purwakarta, Kabupaten Purwakarta, Jawa Barat 41116",Buka 24 jam,"3,5",10,,Tidak Ada ,Tidak Tersedia,-6.5426785,107.4500177,Aksesibilitas Tersedia,[]
Masjid baing Marzuki,Masjid,"CCVQ+8C9, Cipaisan, Kec. Purwakarta, Kabupaten Purwakarta, Jawa Barat 41113",Buka 24 jam,"5,0",1,"
(0264) 355354",Ada,Tidak Tersedia,-6.5567058,107.4385971,Aksesibilitas Tersedia,[]
Masjid Almuawanah Kaum Kaler,Masjid,"CCWR+P2G Komp. Sumur Bandung, Cipaisan, Kec. Purwakarta, Kabupaten Purwakarta, Jawa Barat 41113",,"4,7",18,,Tidak Ada ,Tidak Tersedia,-6.5531835,107.4400699,Aksesibilitas Tersedia,[]
Masjid Al Husna,Masjid,"FC5Q+QJ4, Unnamed Road, Purwamekar, Purwakarta, Purwakarta Regency, West Java 41119",Buka 24 jam,"4,7",13,"
0838-1609-8988",Ada,Tidak Tersedia,-6.5406095,107.4390832,Aksesibilitas Tersedia,[]
Makam Syekh Baing Yusuf,Tempat Ziarah,"CCVR+HF9, Jl. Mr. Dr. Kusumahatmaja, Cipaisan, Kec. Purwakarta, Kabupaten Purwakarta, Jawa Barat 41113",,"4,8",70,,Tidak Ada ,Tidak Tersedia,-6.5560995,107.4412475,Aksesibilitas Tersedia,[]
Masjid Al Hasanah,Masjid,"Jl. Ipik Gandamanah Blok Rawa Mekar 2 No.28 A, RT.4/RW.1, Tegalmunjul, Kec. Purwakarta, Kabupaten Purwakarta, Jawa Barat 41116",,"4,4",7,,Tidak Ada ,Tidak Tersedia,-6.546366,107.4493756,Aksesibilitas Tersedia,[]
Masjid Al Bina,Masjid,"FFH2+7RQ, Ciseureuh, Kec. Purwakarta, Kabupaten Purwakarta, Jawa Barat 41118",,"4,4",5,,Tidak Ada ,Tidak Tersedia,-6.5217877,107.4521172,Aksesibilitas Tersedia,[]
Masjid At Taqwa,Masjid,"CCRW+4JH Rt 013 Rw 09 Langensari 1 komplek Keresidenan, Nagri Kidul, Kec. Purwakarta, Kabupaten Purwakarta, Jawa Barat 41111",Buka 24 jam,"4,8",16,,Tidak Ada ,Tidak Tersedia,-6.5597097,107.4466048,Aksesibilitas Tersedia,[]
Masjid Jami Darussalam,Masjid,"CFJ4+GVF, Jl. Kapten Halim, Lebakanyar, Kec. Pasawahan, Kabupaten Purwakarta, Jawa Barat 41111",,"4,3",22,,Tidak Ada ,Tidak Tersedia,-6.5686988,107.4571748,Aksesibilitas Tersedia,['Tidak memiliki tempat parkir khusus pengguna kursi roda']
Masjid Jamie Al Musthofa - Sukasari - Tegalmunjul - Purwakarta,Masjid,"FC4X+43X, Gg. Sukasari II, Tegalmunjul, Kec. Purwakarta, Kabupaten Purwakarta, Jawa Barat",Buka 24 jam,"4,3",3,"
0856-9494-5158",Ada,Tidak Tersedia,-6.5446413,107.4477256,Aksesibilitas Tersedia,[]
Masjid endang,Masjid,"8F2H+7R4, Jl. Wanayasa-Bojong-Sawit, Neglasari, Kec. Darangdan, Kabupaten Purwakarta, Jawa Barat",,,,,Tidak Ada ,Tidak Tersedia,-6.6993621,107.4795632,Aksesibilitas Tersedia,[]
Masjid Al Furqon,Masjid,"FC5V+QMW, Jl. Veteran, Nagri Kaler, Kec. Purwakarta, Kabupaten Purwakarta, Jawa Barat 41115",,"4,7",188,,Tidak Ada ,Tidak Tersedia,-6.5405089,107.4442127,Aksesibilitas Tersedia,"['Tidak memiliki pintu masuk khusus pengguna kursi roda', 'Tidak memiliki tempat parkir khusus pengguna kursi roda']"
Masjid Al-Furqon,Masjid,"FF56+4F4, Perum Jl. Graha Citalang Permai, Citalang, Kec. Purwakarta, Kabupaten Purwakarta, Jawa Barat 41111",,"4,2",11,,Tidak Ada ,Tidak Tersedia,-6.5422293,107.4612025,Aksesibilitas Tersedia,[]
Masjid Al-Muslih,Masjid,"Jl. Ipik Gandamanah No.217, Munjuljaya, Kec. Purwakarta, Kabupaten Purwakarta, Jawa Barat 41117",16.00 hingga 20.00,"5,0",3,,Tidak Ada ,Tidak Tersedia,-6.5318001,107.4560624,Aksesibilitas Tersedia,[]
Masjid Nururrohmah,Masjid,"FC5R+MV4, Nagri Kaler, Kec. Purwakarta, Kabupaten Purwakarta, Jawa Barat 41119",,"4,9",8,,Tidak Ada ,Tidak Tersedia,-6.5408533,107.4422158,Aksesibilitas Tersedia,[]
Masjid Asy Syifaa,Masjid,"CCRV+MRW, Gg. Tupai I, Nagri Kidul, Kec. Purwakarta, Kabupaten Purwakarta, Jawa Barat 41111",Buka 24 jam,"4,9",63,,Tidak Ada ,Tidak Tersedia,-6.5582618,107.4445684,Aksesibilitas Tersedia,[]
Masjid Ipik gandamanah,Masjid,"FF9C+HXP, Jl. Munjul Jaya Cilengkeng Purwakarta, Munjuljaya, Kec. Purwakarta, Kabupaten Purwakarta, Jawa Barat 41117",09.00 hingga 17.00,"5,0",1,,Tidak Ada ,Tidak Tersedia,,,Aksesibilitas Tersedia,[]
Masjid Al-Idrus Purwakarta,Masjid,"CCXQ+5C8, Gg. Samolo, Cipaisan, Kec. Purwakarta, Kabupaten Purwakarta, Jawa Barat 41113",,"4,3",6,,Tidak Ada ,Tidak Tersedia,-6.5520826,107.4385751,Aksesibilitas Tersedia,[]
Masjid Jamie Ali Hamdan,Masjid,"FCMJ+MW9, Maracang, Kec. Babakancikao, Kabupaten Purwakarta, Jawa Barat 41151",,"4,5",44,,Tidak Ada ,Tidak Tersedia,-6.5158435,107.4323576,Aksesibilitas Tersedia,[]
Unknown,Unknown,"FC3G+9HQ, Jl. Pramuka, Bunder, Kec. Jatiluhur, Kabupaten Purwakarta, Jawa Barat 41161",04.15 hingga 21.00,"4,7",30,,Ada,Tersedia,,,Aksesibilitas Tersedia,"['Tidak memiliki pintu masuk khusus pengguna kursi roda', 'Tidak memiliki tempat parkir khusus pengguna kursi roda']"
Masjid KH Muhammad Aof,Masjid,"Jl. Baing Marjuki No.40, Cipaisan, Kec. Purwakarta, Kabupaten Purwakarta, Jawa Barat 41113",,"5,0",3,,Tidak Ada ,Tidak Tersedia,-6.5558014,107.4385537,Aksesibilitas Tersedia,[]
Masjid Jami An-Nur,Masjid,"FFG2+GQ9, Jl. Knpi, Ciseureuh, Kec. Purwakarta, Kabupaten Purwakarta, Jawa Barat 41118",Buka 24 jam,"3,9",8,,Tidak Ada ,Tidak Tersedia,-6.5237219,107.4519853,Aksesibilitas Tersedia,"['Tidak memiliki pintu masuk khusus pengguna kursi roda', 'Tidak memiliki tempat parkir khusus pengguna kursi roda']"
Masjid Jami' Fatimah Azzahra (Salafi),Masjid,"Jl. Ipik Gandamanah No.3, Tegalmunjul, Kec. Purwakarta, Kabupaten Purwakarta, Jawa Barat 41116",,"4,8",15,,Tidak Ada ,Tidak Tersedia,-6.5408147,107.4506379,Aksesibilitas Tersedia,[]
Masjid Al Hidayah,Masjid,"Blok Beringin No., Jl. Veteran Blok Beringin No.43, Nagri Kaler, Kec. Purwakarta, Kabupaten Purwakarta, Jawa Barat 41115",,"4,5",2,,Tidak Ada ,Tidak Tersedia,-6.5369208,107.4474562,Aksesibilitas Tersedia,[]
Masjid Jamie Al-Ishlah,Masjid,"Jl. Ibrahim Singadilaga No.23, Nagri Kaler, Kec. Purwakarta, Kabupaten Purwakarta, Jawa Barat 41115",,"4,8",35,,Tidak Ada ,Tidak Tersedia,-6.5451261,107.4412257,Aksesibilitas Tersedia,[]
Masjid Baitul Ukhuwah PPR,Masjid,"FC2W+QFG, Unnamed Road, Nagri Tengah, Kec. Purwakarta, Kabupaten Purwakarta, Jawa Barat 41114",,"4,8",9,,Tidak Ada ,Tidak Tersedia,-6.5480618,107.4462046,Aksesibilitas Tersedia,[]
Masjid Ar-Risalah,Masjid,"Jl. Laks. Laut RE. Martadinata No.16, Nagri Tengah, Kec. Purwakarta, Kabupaten Purwakarta, Jawa Barat 41114",,"4,6",30,,Tidak Ada ,Tidak Tersedia,,,Aksesibilitas Tersedia,[]
Masjid Al-Abror,Masjid,"FF65+Q29, Kp. Tegal Junti, RT.06/RW.RT.04, Tegalmunjul, Kec. Purwakarta, Kabupaten Purwakarta, Jawa Barat 41116",,"4,9",21,,Tidak Ada ,Tidak Tersedia,,,Aksesibilitas Tersedia,[]
Masjid Jami Al-Kautsar,Masjid,"FC2R+PQG, Cipaisan, Kec. Purwakarta, Kabupaten Purwakarta, Jawa Barat",Buka 24 jam,"4,7",20,,Tidak Ada ,Tidak Tersedia,-6.5481957,107.4419439,Aksesibilitas Tersedia,[]
Masjid Jami Al Istiqomah,Masjid,"FCJX+9J4, Jl. Veteran, Ciseureuh, Kec. Purwakarta, Kabupaten Purwakarta, Jawa Barat 41118",,"4,3",24,,Tidak Ada ,Tidak Tersedia,-6.5191135,107.449089,Aksesibilitas Tersedia,[]
Masjid Jami Al Barokah,Masjid,"Jl. Jend. Sudirman Blok Mawar I No.223, Nagri Kaler, Kec. Purwakarta, Kabupaten Purwakarta, Jawa Barat 41115",,"4,8",10,,Tidak Ada ,Tidak Tersedia,,,Aksesibilitas Tersedia,[]
"Masjid Darussalam Margajaya , Kec Purwakarta Kab Purwakarta",Masjid,"FF96+J34, Munjuljaya, Kec. Purwakarta, Kabupaten Purwakarta, Jawa Barat 41117",,"3,5",4,"
0857-2447-1705",Ada,Tidak Tersedia,-6.5309847,107.4602074,Aksesibilitas Tersedia,[]
Masjid Al-Firdaus Purwakarta,Masjid,"8C2X+VHQ, Jl. Wanayasa-Bojong-Sawit, Sawit, Kec. Darangdan, Kabupaten Purwakarta, Jawa Barat 41163",04.00 hingga 22.00,"4,7",99,,Tidak Ada ,Tidak Tersedia,-6.6977879,107.4489859,Aksesibilitas Tersedia,['Tidak memiliki pintu masuk khusus pengguna kursi roda']
Masjid Al-Ikhlas Batu Mas Regency,Masjid,"Ciseureuh, Kec. Purwakarta, Kabupaten Purwakarta, Jawa Barat 41117",Buka 24 jam,"5,0",6,,Tidak Ada ,Tidak Tersedia,-6.5264823,107.4621898,Aksesibilitas Tersedia,[]
Masjid Besar Hidayah Kecamatan Babakan Cikao Purwakarta,Masjid,"FCGQ+97W, Babakan Cikao, Ciwareng, Kec. Purwakarta, Kabupaten Purwakarta, Jawa Barat 41151",,"4,7",30,"
0819-0941-5888",Ada,Tidak Tersedia,-6.5240159,107.4382029,Aksesibilitas Tersedia,"['Tidak memiliki pintu masuk khusus pengguna kursi roda', 'Tidak memiliki tempat parkir khusus pengguna kursi roda']"
Masjid Al-Idrus,Masjid,"CCWR+P2G, Gg. Kaum kaler, RT.004/RW.001, Cipaisan, Kec. Purwakarta, Kabupaten Purwakarta, Jawa Barat 41113",Buka 24 jam,"5,0",1,,Tidak Ada ,Tidak Tersedia,,,Aksesibilitas Tersedia,[]
MASJID AL HUSNA,Masjid,"Jl. Veteran No.164, Ciseureuh, Kec. Purwakarta, Kabupaten Purwakarta, Jawa Barat 41118",,"3,0",1,,Tidak Ada ,Tidak Tersedia,,,Aksesibilitas Tersedia,[]
Masjid Al Ikhlash - LDII,Masjid,"Jl. Pramuka No.255, Bunder, Kec. Jatiluhur, Kabupaten Purwakarta, Jawa Barat 41161",Buka 24 jam,"4,9",24,,Tidak Ada ,Tersedia,-6.545426,107.4248934,Aksesibilitas Tersedia,[]
Masjid Bashirah,Masjid,"Jl. Garuda No.47, RT.14/RW.4, Nagri Kidul, Kec. Purwakarta, Kabupaten Purwakarta, Jawa Barat 41111",,"5,0",12,,Tidak Ada ,Tidak Tersedia,-6.557578,107.4475725,Aksesibilitas Tersedia,[]
Masjid Al Azhar,Masjid,"FFG8+89C, Ciseureuh, Kec. Purwakarta, Kabupaten Purwakarta, Jawa Barat 41118",,"4,8",26,,Tidak Ada ,Tidak Tersedia,-6.5241937,107.4658968,Aksesibilitas Tersedia,[]
Masjid At Taqwa Munjul Jaya Lama,Masjid,"JL. RAWASARI I Gg. Rw. Emas No.A39, RT.35/RW.3, Munjuljaya, Kec. Purwakarta, Kabupaten Purwakarta, Jawa Barat 41117",,"4,8",44,,Tidak Ada ,Tidak Tersedia,-6.529983,107.4549754,Aksesibilitas Tersedia,[]
Masjid Fatimah,Masjid,"Jl. Kapten Halim, Lebakanyar, Kec. Pasawahan, Kabupaten Purwakarta, Jawa Barat 41111",09.00 hingga 21.00,"4,9",438,"
0877-7864-2742",Ada,Tidak Tersedia,-6.5682097,107.460224,Aksesibilitas Tersedia,"['Tidak memiliki pintu masuk khusus pengguna kursi roda', 'Tidak memiliki tempat parkir khusus pengguna kursi roda']"
Masjid Jami Al-Aziz,Masjid,"Jl. Taman Pahlawan No.48, Nagri Kaler, Kec. Purwakarta, Kabupaten Purwakarta, Jawa Barat 41119",03.30 hingga 20.00,"4,8",48,,Tidak Ada ,Tidak Tersedia,-6.5384814,107.4414764,Aksesibilitas Tersedia,[]
MASJID HAYATUL HASANAH,Masjid,"FC8R+9G8, Nagri Kaler, Kec. Purwakarta, Kabupaten Purwakarta, Jawa Barat 41119",,"4,9",13,,Tidak Ada ,Tidak Tersedia,-6.5340751,107.4413392,Aksesibilitas Tersedia,[]
Masjid Jami' Nurul Huda,Masjid,"FFC4+4V8, Jl. Ipik Gandamanah, Munjuljaya, Kec. Purwakarta, Kabupaten Purwakarta, Jawa Barat 41117",,"4,0",1,,Tidak Ada ,Tidak Tersedia,-6.5297023,107.4572149,Aksesibilitas Tersedia,[]
Masjid Jami Al Majid,Masjid,"Jl. Pramuka No.164A, Bunder, Kec. Jatiluhur, Kabupaten Purwakarta, Jawa Barat 41161",,"4,6",78,"
0852-8070-6855",Ada,Tidak Tersedia,-6.5484328,107.4267874,Aksesibilitas Tersedia,"['Tidak memiliki pintu masuk khusus pengguna kursi roda', 'Tidak memiliki tempat parkir khusus pengguna kursi roda']"
Masjid Jami Al-Husna,Masjid,"FF82+GG8, Munjuljaya, Kec. Purwakarta, Kabupaten Purwakarta, Jawa Barat 41117",,"5,0",3,,Tidak Ada ,Tidak Tersedia,-6.5337237,107.4513191,Aksesibilitas Tersedia,[]
Masjid Jamie Baeturrohman,Masjid,"Jl. Kapten Halim No.4, Nagri Kidul, Kec. Purwakarta, Kabupaten Purwakarta, Jawa Barat 41111",04.00 hingga 20.55,"4,8",25,,Tidak Ada ,Tidak Tersedia,-6.564129,107.4508709,Aksesibilitas Tersedia,"['Tidak memiliki pintu masuk khusus pengguna kursi roda', 'Tidak memiliki tempat parkir khusus pengguna kursi roda']"
Masjid An-nur,Masjid,"Jl. Swadaya 2 Blok No., Jl. Swadaya 2 Blok Sukarata No.27, Cipaisan, Kec. Purwakarta, Kabupaten Purwakarta, Jawa Barat 41113",Buka 24 jam,"4,7",15,,Tidak Ada ,Tidak Tersedia,-6.5462278,107.4367049,Aksesibilitas Tersedia,"['Tidak memiliki pintu masuk khusus pengguna kursi roda', 'Tidak memiliki tempat parkir khusus pengguna kursi roda']"
Masjid Tajug Gede Cilodong,Masjid,"GFWJ+JPH, Cikopo, Kec. Bungursari, Kabupaten Purwakarta, Jawa Barat 41181",Buka 24 jam,"4,6",412,,Tidak Ada ,Tidak Tersedia,-6.4534313,107.4818575,Aksesibilitas Tersedia,[]
WISATA ISLAMI MASJID ENDAN ANDANSIH,Institusi Pendidikan,"8F2F+7H4, Neglasari, Kec. Darangdan, Kabupaten Purwakarta, Jawa Barat 41163",,"4,9",19,,Tidak Ada ,Tidak Tersedia,-6.6993645,107.4739479,Aksesibilitas Tersedia,[]
Masjid Al-Hidayyah,Masjid,"FFC7+G85, Munjuljaya, Kec. Purwakarta, Kabupaten Purwakarta, Jawa Barat 41117",,"4,8",11,,Tidak Ada ,Tidak Tersedia,-6.5287352,107.4633644,Aksesibilitas Tersedia,[]
Masjid Al-Falah,Masjid,"FC9V+QHR, RT.39/RW.04, Nagri Kaler, Kec. Purwakarta, Kabupaten Purwakarta, Jawa Barat 41115",,"5,0",1,,Tidak Ada ,Tidak Tersedia,-6.5305013,107.4438894,Aksesibilitas Tersedia,[]
Masjid Baitul Arqom,Masjid,"CCWW+FJR, Nagri Tengah, Kec. Purwakarta, Kabupaten Purwakarta, Jawa Barat 41114","04.00 hingga 05.30,11.30 hingga 20.00","4,4",86,,Tidak Ada ,Tidak Tersedia,-6.5537742,107.4465012,Aksesibilitas Tersedia,[]
Masjid At Taqwa ( Ciseureuh ),Masjid,"FFM2+3Q9, Unnamed Road, Ciseureuh, Kec. Purwakarta, Kabupaten Purwakarta, Jawa Barat 41118",Buka 24 jam,"4,4",8,,Tidak Ada ,Tidak Tersedia,-6.5173482,107.4519762,Aksesibilitas Tersedia,[]
Masjid Baitussalam (LDII),Masjid,"FFG3+464, Unnamed Road, Ciseureuh, Kec. Purwakarta, Kabupaten Purwakarta, Jawa Barat 41118",Buka 24 jam,"4,8",18,,Ada,Tersedia,-6.524727,107.4530901,Aksesibilitas Tersedia,[]
Masjid Jami Al Magfiroh,Masjid,"Jl. Mekarsari 1 No.Rt 015, RT.07, Purwamekar, Kec. Purwakarta, Kabupaten Purwakarta, Jawa Barat",,"4,8",8,,Tidak Ada ,Tidak Tersedia,-6.5339912,107.440236,Aksesibilitas Tersedia,[]
Mushola AL - HUDA,Masjid,"FCCJ+C9G, Maracang, Kec. Babakancikao, Kabupaten Purwakarta, Jawa Barat 41151",,"4,8",12,,Tidak Ada ,Tidak Tersedia,-6.5289311,107.4309418,Aksesibilitas Tersedia,[]
GKKD PURWAKARTA,Gereja Kristen,"RT 006/ RW 003 Kp. Warung Mekar, Jalan Raya, Bungursari, Kec. Bungursari, Kabupaten Purwakarta, Jawa Barat 41181",,"5,0",5,"
0896-2800-1512",Ada,Tidak Tersedia,-6.4793138,107.479729,Aksesibilitas Tersedia,[]
Gereja Pasundan Jatiluhur,Gereja,"F9JW+4FQ, Unnamed Road,, Jatimekar, Kec. Jatiluhur, Kabupaten Purwakarta, Jawa Barat 41152",,"4,5",6,,Tidak Ada ,Tidak Tersedia,-6.5196678,107.3962454,Aksesibilitas Tersedia,[]
"GSPDI - Filadelfia, Purwakarta",Gereja,"Jl. Kemuning No.8, Nagri Kaler, Kec. Purwakarta, Kabupaten Purwakarta, Jawa Barat 41115",Tutup,"4,8",16,,Ada,Tersedia,-6.5351757,107.4462066,Aksesibilitas Tersedia,['Memiliki pintu masuk khusus pengguna kursi roda']
Gereja HKBP Purwakarta,Gereja Lutheran,"Jl. Veteran No.129, Ciseureuh, Kec. Purwakarta, Kabupaten Purwakarta, Jawa Barat 41118",,"4,8",147,"
(0264) 201836",Ada,Tersedia,-6.5173759,107.450543,Aksesibilitas Tersedia,['Memiliki pintu masuk khusus pengguna kursi roda']
Gereja Kristus Purwakarta,Gereja,"Jl. Jendral Sudirman No.105, Nagri Tengah, Kec. Purwakarta, Kabupaten Purwakarta, Jawa Barat 41114",Buka 24 jam,"4,8",33,,Ada,Tersedia,-6.5461255,107.4433923,Aksesibilitas Tersedia,"['Tidak memiliki pintu masuk khusus pengguna kursi roda', 'Tidak memiliki tempat parkir khusus pengguna kursi roda']"
"Gereja Katolik Santa Maria, Kota Bukit Indah",Gereja Katolik,"HF49+94Q, Jl. Kota Bukit Indah Raya, Wanakerta, Kec. Bungursari, Kabupaten Purwakarta, Jawa Barat 41181",,"4,8",209,,Tidak Ada ,Tidak Tersedia,-6.4440306,107.4678547,Aksesibilitas Tersedia,"['Memiliki pintu masuk khusus pengguna kursi roda', 'Memiliki tempat parkir khusus pengguna kursi roda']"
GMAHK Jemaat Purwakarta,Gereja,"Jl. Taman Pahlawan No.20, Nagri Kaler, Kec. Purwakarta, Kabupaten Purwakarta, Jawa Barat 41119",Tutup,"5,0",4,,Ada,Tersedia,-6.5397851,107.4427673,Aksesibilitas Tersedia,[]
Gereja Bethel Tabernakel,Gereja,"Jl. Hidayat Martalogawa, Kel. Nagri Tengah, PurwakartaJawa Barat,, Jl. Hidayat Martalogawa No.21, Nagri Tengah, Kec. Purwakarta, Kabupaten Purwakarta, Jawa Barat 41114",Tutup,"4,0",4,,Tidak Ada ,Tidak Tersedia,-6.5512982,107.44255,Aksesibilitas Tersedia,[]
"Gereja Katolik Paroki Salib Suci, Purwakarta",Gereja Katolik,"Jl. Jendral Sudirman No.45, Nagri Tengah, Kec. Purwakarta, Kabupaten Purwakarta, Jawa Barat 41114",,"4,7",149,,Ada,Tersedia,-6.548254,107.4431016,Aksesibilitas Tersedia,[]
GPdI Yesus Kristus Purwakarta,Gereja Pantekosta,"Gg. Bayeman No.32, Nagri Kaler, Kec. Purwakarta, Kabupaten Purwakarta, Jawa Barat 41115",Tutup,"4,1",12,,Ada,Tersedia,-6.542557,107.4430627,Aksesibilitas Tersedia,[]
Gereja Kristen Pasundan Jemaat Sadang,Gereja Kristen,"Jl. Raya Sadang - Subang No.9, Ciwangi, Kec. Bungursari, Kabupaten Purwakarta, Jawa Barat 41118",,"4,9",16,"
(0264) 202597",Ada,Tidak Tersedia,-6.5141886,107.4676593,Aksesibilitas Tersedia,[]
Gereja Kristen Pasundan Purwakarta,Gereja,"Jl. Jendral Sudirman No.226, Nagri Kaler, Kec. Purwakarta, Kabupaten Purwakarta, Jawa Barat 41115",08.00 hingga 14.00,"4,5",80,,Tidak Ada ,Tersedia,-6.5420562,107.4438784,Aksesibilitas Tersedia,"['Memiliki pintu masuk khusus pengguna kursi roda', 'Memiliki tempat parkir khusus pengguna kursi roda']"
HKI PURWAKARTA,Gereja Protestan,"FC4R+GX7, Gg. Aster III, Nagri Kaler, Kec. Purwakarta, Kabupaten Purwakarta, Jawa Barat 41115",Tutup,"4,0",1,,Tidak Ada ,Tidak Tersedia,-6.5437072,107.4424161,Aksesibilitas Tersedia,[]
Bk Sig,Gereja,"Jl. Veteran No.220, Ciseureuh, Kec. Purwakarta, Kabupaten Purwakarta, Jawa Barat 41115",,,0264,"
(0264) 201836",Ada,Tidak Tersedia,-6.526354,107.447916,Aksesibilitas Tersedia,[]
Pasar Juma'ah - Purwakarta,Pasar,"Jalan Swadaya 2 No.66 Cipaisan, Nagri Kaler, Kec. Purwakarta, Kabupaten Purwakarta, Jawa Barat 41113",09.00 hingga 18.00,"4,3",3.544,,Tidak Ada ,Tidak Tersedia,-6.5446383,107.4432803,Aksesibilitas Tersedia,[]
Gereja Bethel Indonesia,Gereja,"Gg. Aster III No.68, Nagri Kaler, Kec. Purwakarta, Kabupaten Purwakarta, Jawa Barat 41115",18.00 hingga 20.00,"4,7",21,,Tidak Ada ,Tidak Tersedia,-6.5442064,107.4428329,Aksesibilitas Tersedia,[]
Riung Asih,Gereja,"Jl. Raya Bungursari No.120, Bungursari, Kec. Bungursari, Kabupaten Purwakarta, Jawa Barat 41181",Tutup,"4,6",5,,Tidak Ada ,Tidak Tersedia,-6.4792532,107.4800665,Aksesibilitas Tersedia,[]
VIHARA Kuan Tek Kun bio,Vihara,"Jl. Jend. Ahmad Yani No.10, Nagri Tengah, Kec. Purwakarta, Kabupaten Purwakarta, Jawa Barat 41114",,"4,6",12,,Tidak Ada ,Tersedia,-6.5459878,107.4427921,Aksesibilitas Tersedia,[]
Vihara Budi Asih,Vihara,"Jl. Jend. Ahmad Yani No.6A, Sindangkasih, Kec. Purwakarta, Kabupaten Purwakarta, Jawa Barat 41114",,"4,7",10,,Tidak Ada ,Tidak Tersedia,-6.5459766,107.4427901,Aksesibilitas Tersedia,[]
Vihara Budi Dharma,Vihara,"Jl. Jendral Sudirman No.181, Nagri Kaler, Kec. Purwakarta, Kabupaten Purwakarta, Jawa Barat 41115",,"4,8",15,,Ada,Tidak Tersedia,-6.5435795,107.443478,Aksesibilitas Tersedia,[]
Ahmad Kamil Asegaf,Pura,"CCVQ+98C, Jl. Baing Marjuki, Cipaisan, Kec. Purwakarta, Kabupaten Purwakarta, Jawa Barat",,,,,Tidak Ada ,Tidak Tersedia,-6.5565655,107.4382665,Aksesibilitas Tersedia,[]
Pura paramamditha,Pura,"FC5W+PFQ, Nagri Kaler, jati, Kabupaten Purwakarta, Jawa Barat",,"4,0",1,,Tidak Ada ,Tidak Tersedia,-6.5406595,107.4462474,Aksesibilitas Tersedia,[]
Alun-Alun Purwakarta,Taman Kota,"CCVR+MR9, Purwamekar, Nagri Tengah, Kec. Purwakarta, Kabupaten Purwakarta, Jawa Barat 41114",,"4,5",6.188,,Tidak Ada ,Tidak Tersedia,-6.555829,107.442102,Aksesibilitas Tersedia,"['Memiliki pintu masuk khusus pengguna kursi roda', 'Memiliki tempat parkir khusus pengguna kursi roda']"
Lakshmi Narayana Swami temple,Pura,"CCX5+MCF, Kembangkuning, Kec. Jatiluhur, Kabupaten Purwakarta, Jawa Barat 41152","05.00 hingga 12.00,16.00 hingga 21.00","5,0",3,,Tidak Ada ,Tidak Tersedia,-6.5507773,107.4086205,Aksesibilitas Tersedia,[]
Bale Panyawangan Diorama Nusantara,Museum,,"09.00 hingga 12.00,13.00 hingga 15.00","4,5",611,,Tidak Ada ,Tersedia,-6.5542174,107.4460847,Aksesibilitas Tersedia,['Ada toilet khusus pengguna kursi roda']
Kuil Hanuman,Pura,"Kembang Kuning, Ubrug Jatiluhur, Tegalmunjul, Kec. Purwakarta, Kabupaten Purwakarta, Jawa Barat 41116",,,,,Tidak Ada ,Tidak Tersedia,-6.5386806,107.4499404,Aksesibilitas Tersedia,[]
Makam Syekh Baing Yusuf,Tempat Ziarah,"CCVR+HF9, Jl. Mr. Dr. Kusumahatmaja, Cipaisan, Kec. Purwakarta, Kabupaten Purwakarta, Jawa Barat 41113",,"4,8",70,,Tidak Ada ,Tidak Tersedia,-6.5560995,107.4412475,Aksesibilitas Tersedia,[]
Hanuman temple,Pura,"CCW5+C6H, Cibinong, Kec. Jatiluhur, Kabupaten Purwakarta, Jawa Barat 41152",,"5,0",5,,Tidak Ada ,Tidak Tersedia,-6.5531927,107.4080243,Aksesibilitas Tersedia,[]
